{"Trading Strategy":{"0":"STOCH^MA15&MA30","1":"RSI^STOCH","2":"RSI^RSI","3":"RSI^MA5&MA15","4":"RSI^MA10&MA30","5":"RSI^MA15&MA30","6":"CCI^RSI","7":"CCI^CCI","8":"CCI^MA5&MA10","9":"MA5&MA10^RSI","10":"MA5&MA10^CCI","11":"MA5&MA10^MA5&MA10","12":"MA5&MA10^MA5&MA15","13":"MA10&MA15^RSI","14":"MA15&MA30^RSI"},"ARR":{"0":0.0175455687,"1":0.0265470013,"2":0.0,"3":0.0092102998,"4":0.0652581511,"5":0.0881609861,"6":0.0,"7":-0.021789323,"8":-0.026759105,"9":0.0,"10":-0.0238203297,"11":-0.0291140896,"12":-0.0292756573,"13":0.0,"14":0.0},"MDD":{"0":0.5116493195,"1":0.3409089985,"2":1.0,"3":0.681817997,"4":0.7980195971,"5":0.6638340643,"6":1.0,"7":0.203651803,"8":0.3715175775,"9":1.0,"10":0.5139918129,"11":0.5615057461,"12":0.4568143469,"13":1.0,"14":1.0},"TF":{"0":6,"1":4,"2":0,"3":5,"4":3,"5":3,"6":0,"7":37,"8":27,"9":0,"10":26,"11":31,"12":23,"13":0,"14":0}}