{"Trading Strategy":{"0":"MAMA^DEMA5&KAMA5","1":"MAMA^DEMA5&MA5","2":"MAMA^MA5&TEMA20","3":"MAMA^SMA10&TRIMA10","4":"DEMA5&MA5^DEMA5&MA5","5":"DEMA5&MA5^SMA10&TRIMA10","6":"DEMA5&TEMA20^MAMA","7":"KAMA5&MA5^MAMA","8":"KAMA5&MA15^SMA10&TRIMA10","9":"KAMA5&TEMA20^MAMA","10":"MA5&WMA10^MA5&WMA10","11":"SMA10&TRIMA10^DEMA5&MA5","12":"SMA10&TRIMA10^SMA10&TRIMA10","13":"WMA10&TEMA20^MAMA","14":"EMA15&TEMA20^MAMA"},"ARR":{"0":0.0603207964,"1":0.0291934285,"2":0.0248482151,"3":0.0162491855,"4":0.0286347667,"5":0.0089701307,"6":0.1605684449,"7":0.1590435081,"8":0.0199187956,"9":0.1862513926,"10":0.0288378135,"11":0.0381247368,"12":0.0124328927,"13":0.2145024296,"14":0.2142160115},"MDD":{"0":1.0,"1":0.9915816931,"2":0.9860914743,"3":0.9915816931,"4":0.684313493,"5":0.4349371694,"6":0.8242566894,"7":0.8257051738,"8":0.9835041829,"9":0.7294149525,"10":0.7572774872,"11":0.6389480006,"12":0.6122626902,"13":0.7422102779,"14":0.7294149525},"TF":{"0":32,"1":32,"2":31,"3":31,"4":134,"5":107,"6":31,"7":30,"8":49,"9":25,"10":109,"11":105,"12":150,"13":21,"14":22}}