{"Trading Strategy":{"0":"MAMA^SMA10&TRIMA10","1":"DEMA5&MA5^DEMA5&MA5","2":"DEMA5&TRIMA10^DEMA5&TRIMA10","3":"DEMA5&WMA10^DEMA5&TRIMA10","4":"DEMA5&MA15^KAMA5&EMA15","5":"KAMA5&TRIMA10^KAMA5&EMA15","6":"KAMA5&WMA10^KAMA5&EMA15","7":"KAMA5&TEMA20^TRIMA10&WMA10","8":"MA5&WMA10^MA5&WMA10","9":"SMA10&TRIMA10^SMA10&TRIMA10","10":"WMA10&EMA15^SMA10&TRIMA10","11":"WMA10&TEMA20^KAMA5&EMA15","12":"WMA10&TEMA20^MA5&WMA10","13":"EMA15&MA15^KAMA5&EMA15","14":"EMA15&TEMA20^WMA10&EMA15"},"ARR":{"0":0.0110611196,"1":-0.0019168314,"2":-0.0022994951,"3":-0.0025696417,"4":0.0257037419,"5":0.0251344707,"6":0.027379349,"7":0.0140309982,"8":-0.0028214954,"9":0.0059539955,"10":0.0124431574,"11":0.0243660696,"12":0.0125814724,"13":0.0246916583,"14":0.0324730046},"MDD":{"0":0.9578500225,"1":0.8861512765,"2":0.8416612147,"3":0.8416612147,"4":0.8855053896,"5":0.8067362445,"6":0.7399255946,"7":0.9620685886,"8":0.7045016093,"9":0.8378083396,"10":0.9612771697,"11":0.9612772391,"12":1.0,"13":0.8732782852,"14":0.9475567116},"TF":{"0":11,"1":47,"2":39,"3":37,"4":13,"5":15,"6":13,"7":14,"8":39,"9":46,"10":12,"11":9,"12":9,"13":12,"14":5}}