{"Trading Strategy":{"0":"MAMA^KAMA5&MA15","1":"MAMA^MA5&WMA10","2":"MAMA^MA5&EMA15","3":"MAMA^MA5&MA15","4":"MAMA^SMA10&TRIMA10","5":"MAMA^SMA10&MA15","6":"MAMA^SMA10&TEMA20","7":"MAMA^TRIMA10&MA15","8":"MAMA^WMA10&MA15","9":"DEMA5&MA5^DEMA5&KAMA5","10":"DEMA5&MA5^MA5&TEMA20","11":"MA5&WMA10^MA5&TRIMA10","12":"SMA10&TRIMA10^DEMA5&KAMA5","13":"SMA10&TRIMA10^MA5&TEMA20","14":"MA15&TEMA20^MA15&TEMA20"},"ARR":{"0":26.6613111849,"1":29.961133194,"2":29.662007178,"3":29.1539825932,"4":25.2311437289,"5":29.228985493,"6":24.9903806686,"7":30.9129103592,"8":34.6764108484,"9":0.3040190616,"10":0.0226721348,"11":0.2235567802,"12":0.0856965917,"13":0.8844342204,"14":0.0},"MDD":{"0":0.997121373,"1":0.9275808937,"2":0.9275808937,"3":1.0,"4":0.9399075501,"5":0.9275808937,"6":0.9399075501,"7":0.9399075501,"8":0.9399075501,"9":0.9275808937,"10":0.9275808937,"11":0.9331813608,"12":0.8172573213,"13":0.83882897,"14":0.9399075501},"TF":{"0":27,"1":30,"2":31,"3":31,"4":30,"5":26,"6":30,"7":28,"8":22,"9":134,"10":107,"11":109,"12":105,"13":150,"14":0}}