{"Trading Strategy":{"0":"RSI^MACD","1":"RSI^MA5&MA10","2":"MACD^MACD","3":"MACD^CCI","4":"CCI^MACD","5":"CCI^CCI","6":"MA5&MA10^MA5&MA10","7":"MA5&MA10^MA10&MA30","8":"MA5&MA15^MA10&MA30","9":"MA5&MA15^MA15&MA30","10":"MA10&MA15^CCI","11":"MA10&MA15^MA10&MA30","12":"MA10&MA30^MACD","13":"MA15&MA30^MA5&MA15","14":"MA15&MA30^MA10&MA30"},"ARR":{"0":0.0599375268,"1":0.030213313,"2":0.0351202757,"3":0.0378859442,"4":0.0369218762,"5":0.0318671148,"6":0.0286212349,"7":0.0915896848,"8":0.0848332195,"9":0.0862789286,"10":0.0392749448,"11":0.0868384476,"12":0.0433961239,"13":0.0556885713,"14":0.0966337633},"MDD":{"0":0.9771818883,"1":1.0,"2":0.813044853,"3":0.603612254,"4":0.8372576617,"5":0.603612254,"6":0.7822197815,"7":0.5054937868,"8":0.7453479436,"9":0.8604467838,"10":0.973790064,"11":0.8616323636,"12":0.9534642942,"13":0.9747769815,"14":0.7926469942},"TF":{"0":17,"1":18,"2":103,"3":96,"4":101,"5":128,"6":121,"7":47,"8":48,"9":42,"10":82,"11":48,"12":49,"13":42,"14":40}}