{"Trading Strategy":{"0":"MAMA^DEMA5&KAMA5","1":"MAMA^DEMA5&MA5","2":"MAMA^DEMA5&WMA10","3":"MAMA^MA5&TEMA20","4":"MAMA^SMA10&TRIMA10","5":"DEMA5&MA5^DEMA5&MA5","6":"DEMA5&MA5^SMA10&TRIMA10","7":"DEMA5&TEMA20^MAMA","8":"KAMA5&MA5^MAMA","9":"KAMA5&MA5^KAMA5&MA5","10":"KAMA5&MA15^SMA10&TRIMA10","11":"KAMA5&TEMA20^MAMA","12":"MA5&WMA10^MA5&WMA10","13":"MA5&WMA10^SMA10&TRIMA10","14":"MA5&EMA15^SMA10&TRIMA10","15":"MA5&TEMA20^MAMA","16":"SMA10&TRIMA10^DEMA5&MA5","17":"SMA10&TRIMA10^SMA10&TRIMA10","18":"WMA10&TEMA20^MAMA","19":"EMA15&MA15^MAMA","20":"EMA15&TEMA20^MAMA"},"ARR":{"0":0.0603207964,"1":0.0291934285,"2":0.0326751074,"3":0.0248482151,"4":0.0162491855,"5":0.0286347667,"6":0.0089701307,"7":0.1605684449,"8":0.1590435081,"9":-0.003972072,"10":0.0199187956,"11":0.1862513926,"12":0.0288378135,"13":0.0124054246,"14":-0.0031899565,"15":0.1580667047,"16":0.0381247368,"17":0.0124328927,"18":0.2145024296,"19":0.1507643323,"20":0.2142160115},"MDD":{"0":1.0,"1":0.9915816931,"2":0.9831633863,"3":0.9860914743,"4":0.9915816931,"5":0.684313493,"6":0.4349371694,"7":0.8242566894,"8":0.8257051738,"9":0.5927692641,"10":0.9835041829,"11":0.7294149525,"12":0.7572774872,"13":0.8600323285,"14":0.9736147635,"15":0.8245460093,"16":0.6389480006,"17":0.6122626902,"18":0.7422102779,"19":0.8165757648,"20":0.7294149525},"TF":{"0":32,"1":32,"2":32,"3":31,"4":31,"5":134,"6":107,"7":31,"8":30,"9":100,"10":49,"11":25,"12":109,"13":97,"14":42,"15":30,"16":105,"17":150,"18":21,"19":31,"20":22}}