{"Trading Strategy":{"0":"MAMA^KAMA5&MA5","1":"MAMA^KAMA5&MA15","2":"MAMA^MA5&WMA10","3":"MAMA^MA5&EMA15","4":"MAMA^MA5&MA15","5":"MAMA^SMA10&TRIMA10","6":"MAMA^SMA10&MA15","7":"MAMA^SMA10&TEMA20","8":"MAMA^TRIMA10&MA15","9":"MAMA^WMA10&MA15","10":"MAMA^EMA15&MA15","11":"MAMA^EMA15&TEMA20","12":"DEMA5&MA5^DEMA5&KAMA5","13":"DEMA5&MA5^MA5&TEMA20","14":"KAMA5&MA5^DEMA5&TEMA20","15":"MA5&WMA10^MA5&TRIMA10","16":"MA5&WMA10^MA5&TEMA20","17":"SMA10&TRIMA10^DEMA5&KAMA5","18":"SMA10&TRIMA10^MA5&TEMA20","19":"WMA10&EMA15^SMA10&TEMA20","20":"MA15&TEMA20^MA15&TEMA20"},"ARR":{"0":29.1964331596,"1":26.6613111849,"2":29.961133194,"3":29.662007178,"4":29.1539825932,"5":25.2311437289,"6":29.228985493,"7":24.9903806686,"8":30.9129103592,"9":34.6764108484,"10":23.1112909317,"11":6.8327647618,"12":0.3040190616,"13":0.0226721348,"14":0.150770167,"15":0.2235567802,"16":0.2615331968,"17":0.0856965917,"18":0.8844342204,"19":4.2626494646,"20":0.0},"MDD":{"0":0.9275808937,"1":0.997121373,"2":0.9275808937,"3":0.9275808937,"4":1.0,"5":0.9399075501,"6":0.9275808937,"7":0.9399075501,"8":0.9399075501,"9":0.9399075501,"10":0.9399075501,"11":0.9399075501,"12":0.9275808937,"13":0.9275808937,"14":0.8659476117,"15":0.9331813608,"16":0.9331813608,"17":0.8172573213,"18":0.83882897,"19":0.9393585895,"20":0.9399075501},"TF":{"0":31,"1":27,"2":30,"3":31,"4":31,"5":30,"6":26,"7":30,"8":28,"9":22,"10":18,"11":21,"12":134,"13":107,"14":100,"15":109,"16":97,"17":105,"18":150,"19":34,"20":0}}