{"Trading Strategy":{"0":"RSI^MACD","1":"RSI^MA5&MA10","2":"MACD^MACD","3":"MACD^CCI","4":"CCI^MACD","5":"CCI^CCI","6":"CCI^MA10&MA30","7":"MA5&MA10^MACD","8":"MA5&MA10^MA5&MA10","9":"MA5&MA10^MA10&MA30","10":"MA5&MA15^MA10&MA30","11":"MA5&MA15^MA15&MA30","12":"MA10&MA15^CCI","13":"MA10&MA15^MA10&MA15","14":"MA10&MA15^MA10&MA30","15":"MA10&MA15^MA15&MA30","16":"MA10&MA30^MACD","17":"MA15&MA30^MACD","18":"MA15&MA30^CCI","19":"MA15&MA30^MA5&MA15","20":"MA15&MA30^MA10&MA30"},"ARR":{"0":0.0599375268,"1":0.030213313,"2":0.0351202757,"3":0.0378859442,"4":0.0369218762,"5":0.0318671148,"6":0.0834479943,"7":0.0427991909,"8":0.0286212349,"9":0.0915896848,"10":0.0848332195,"11":0.0862789286,"12":0.0392749448,"13":0.0371279373,"14":0.0868384476,"15":0.0834008836,"16":0.0433961239,"17":0.0538325881,"18":0.0499572056,"19":0.0556885713,"20":0.0966337633},"MDD":{"0":0.9771818883,"1":1.0,"2":0.813044853,"3":0.603612254,"4":0.8372576617,"5":0.603612254,"6":0.481133516,"7":0.7908486475,"8":0.7822197815,"9":0.5054937868,"10":0.7453479436,"11":0.8604467838,"12":0.973790064,"13":0.8459042642,"14":0.8616323636,"15":0.8643780594,"16":0.9534642942,"17":0.9534642942,"18":0.9534642942,"19":0.9747769815,"20":0.7926469942},"TF":{"0":17,"1":18,"2":103,"3":96,"4":101,"5":128,"6":49,"7":94,"8":121,"9":47,"10":48,"11":42,"12":82,"13":92,"14":48,"15":43,"16":49,"17":41,"18":42,"19":42,"20":40}}