{
	"Trading Strategy": {
		"0": "RSI^RSI",
		"1": "RSI^MACD",
		"2": "RSI^STOCH",
		"3": "RSI^MA5&MA20",
		"4": "RSI^MA5&MA30",
		"5": "MACD^RSI",
		"6": "STOCH^MACD",
		"7": "STOCH^MA5&MA20",
		"8": "MA5&MA20^RSI",
		"9": "MA5&MA20^STOCH",
		"10": "MA5&MA30^RSI",
		"11": "MA5&MA30^STOCH",
		"12": "MA20&MA30^RSI",
		"13": "MA20&MA30^STOCH",
		"14": "MA20&MA30^CCI"
	},
	"ARR": {
		"0": 0.0757129283,
		"1": 0.0550639751,
		"2": 0.0550639751,
		"3": 0.0727630457,
		"4": 0.0707965073,
		"5": 0.0538533261,
		"6": 0.0013647156,
		"7": 0.0093784605,
		"8": 0.0548327287,
		"9": 0.0054883866,
		"10": 0.0577818898,
		"11": 0.0147948803,
		"12": 0.0768500793,
		"13": 0.0531309145,
		"14": 0.042735868
	},
	"MDD": {
		"0": 0.9948025629,
		"1": 0.9004249149,
		"2": 0.9004249149,
		"3": 0.9813198948,
		"4": 0.972331678,
		"5": 0.894891549,
		"6": 0.5799050889,
		"7": 0.6024271295,
		"8": 0.8993679851,
		"9": 0.580476422,
		"10": 0.9128473553,
		"11": 0.5311794286,
		"12": 1.0,
		"13": 0.891589711,
		"14": 0.6747691329
	},
	"TF": {
		"0": 1,
		"1": 1,
		"2": 1,
		"3": 1,
		"4": 1,
		"5": 1,
		"6": 3,
		"7": 3,
		"8": 1,
		"9": 3,
		"10": 1,
		"11": 4,
		"12": 1,
		"13": 1,
		"14": 3
	}
}