{"Trading Strategy":{"0":[500,431],"1":[500,304],"2":[500,305],"3":[500,473],"4":[500,443],"5":[500,454],"6":[500,494],"7":[500,488],"8":[500,481],"9":[500,459],"10":[500,448],"11":[500,493],"12":[500,460],"13":[500,449],"14":[500,418]},"ARR":{"0":1.0247993709,"1":0.9824943522,"2":0.9657183662,"3":0.9606125151,"4":0.948212941,"5":0.948212941,"6":0.9380014615,"7":0.9365425834,"8":0.9299780768,"9":0.9248722257,"10":0.9248722257,"11":0.9226841311,"12":0.9183077191,"13":0.9183077191,"14":0.9168488409},"MDD":{"0":1.0247993709,"1":0.9824943522,"2":0.9657183662,"3":0.9606125151,"4":0.948212941,"5":0.948212941,"6":0.9380014615,"7":0.9365425834,"8":0.9299780768,"9":0.9248722257,"10":0.9248722257,"11":0.9226841311,"12":0.9183077191,"13":0.9183077191,"14":0.9168488409},"TF":{"0":1.0,"1":1.0,"2":1.0,"3":1.0,"4":1.0,"5":1.0,"6":1.0,"7":1.0,"8":1.0,"9":1.0,"10":1.0,"11":1.0,"12":1.0,"13":1.0,"14":1.0}}