{"Trading Strategy":{"0":[168,307],"1":[330,436],"2":[330,16],"3":[330,31],"4":[330,61],"5":[395,502],"6":[395,435],"7":[395,188],"8":[395,432],"9":[515,514],"10":[5,413],"11":[5,3],"12":[24,415],"13":[25,433],"14":[25,167]},
"ARR":{"0":0.0464352683,"1":0.0571733307,"2":0.0571733307,"3":0.0571733307,"4":0.0571733307,"5":0.0,"6":0.0,"7":0.0,"8":0.0,"9":0.0,"10":0.0007162784,"11":0.0015060527,"12":0.0052217974,"13":0.0037808698,"14":0.0037808698},
"MDD":{"0":0.3896271588,"1":0.8633568513,"2":0.8633568513,"3":0.8633568513,"4":0.8633568513,"5":1.0,"6":1.0,"7":1.0,"8":1.0,"9":1.0,"10":0.0,"11":0.0,"12":0.0438554012,"13":0.0438554012,"14":0.0438554012},
"TF":{"0":4.0,"1":2.0,"2":2.0,"3":2.0,"4":2.0,"5":0.0,"6":0.0,"7":0.0,"8":0.0,"9":0.0,"10":25.0,"11":25.0,"12":27.0,"13":28.0,"14":28.0}}