{"Trading Strategy":{"0":[194,489],"1":[271,489],"2":[143,489],"3":[116,489],"4":[116,494],"5":[271,494],"6":[194,494],"7":[143,494],"8":[271,488],"9":[194,488],"10":[8,8],"11":[139,139],"12":[112,139],"13":[139,112],"14":[112,112]},"ARR":{"0":0.9555068867,"1":0.9555068867,"2":0.9555068867,"3":0.9555068867,"4":0.9380014615,"5":0.9380014615,"6":0.9380014615,"7":0.9380014615,"8":0.9365425834,"9":0.9365425834,"10":0.0029579613,"11":0.0022182298,"12":0.0022182298,"13":0.0022182298,"14":0.0022182298},"MDD":{"0":1.0,"1":1.0,"2":1.0,"3":1.0,"4":0.9827343261,"5":0.9827343261,"6":0.9827343261,"7":0.9827343261,"8":0.9812954284,"9":0.9812954284,"10":0.0015510746,"11":0.0,"12":0.0,"13":0.0,"14":0.0},"TF":{"0":1.0,"1":1.0,"2":1.0,"3":1.0,"4":1.0,"5":1.0,"6":1.0,"7":1.0,"8":1.0,"9":1.0,"10":118.0,"11":92.0,"12":92.0,"13":92.0,"14":92.0}}