{"Trading Strategy":{"0":"RSI^RSI","1":"RSI^MACD","2":"RSI^STOCH","3":"RSI^MA5&MA20","4":"RSI^MA5&MA30","5":"MACD^RSI","6":"STOCH^MA5&MA20","7":"MA5&MA20^RSI","8":"MA5&MA30^RSI","9":"MA5&MA30^STOCH","10":"MA5&MA30^CCI","11":"MA20&MA30^RSI","12":"MA20&MA30^MACD","13":"MA20&MA30^STOCH","14":"MA20&MA30^CCI"},"ARR":{"0":0.0757129283,"1":0.0550639751,"2":0.0550639751,"3":0.0727630457,"4":0.0707965073,"5":0.0538533261,"6":0.0191352776,"7":0.0548327287,"8":0.0577818898,"9":0.0283010101,"10":-0.014392275,"11":0.0768500793,"12":0.0046130838,"13":0.0531309145,"14":0.0502731425},"MDD":{"0":0.9894209367,"1":0.7973210436,"2":0.7973210436,"3":0.9619777958,"4":0.9436828337,"5":0.786058218,"6":0.350916849,"7":0.7951697281,"8":0.8226061564,"9":0.4312717389,"10":0.0336176637,"11":1.0,"12":0.3179271082,"13":0.7793375299,"14":0.3380125896},"TF":{"0":1,"1":1,"2":1,"3":1,"4":1,"5":1,"6":2,"7":1,"8":1,"9":3,"10":2,"11":1,"12":2,"13":1,"14":2}}