{"Trading Strategy":{"0":"RSI^RSI","1":"RSI^MACD","2":"RSI^STOCH","3":"RSI^MA5&MA20","4":"MACD^RSI","5":"MACD^STOCH","6":"STOCH^RSI","7":"STOCH^CCI","8":"STOCH^MA5&MA20","9":"CCI^STOCH","10":"CCI^MA5&MA20","11":"MA5&MA20^RSI","12":"MA5&MA20^MACD","13":"MA5&MA20^STOCH","14":"MA5&MA20^CCI"},"ARR":{"0":0.0757129283,"1":0.0550639751,"2":0.0550639751,"3":0.0727630457,"4":0.0538533261,"5":0.0306406977,"6":0.0340264496,"7":-0.0236294889,"8":0.0191352776,"9":0.0387890844,"10":0.0104068698,"11":0.0548327287,"12":-0.029739749,"13":0.0347032242,"14":-0.029739749},"MDD":{"0":1.0,"1":0.8058461409,"2":0.8058461409,"3":0.9722634321,"4":0.7944628912,"5":0.5762038185,"6":0.6080386913,"7":0.0659229299,"8":0.3546689139,"9":0.6528198439,"10":0.385953216,"11":0.8036718231,"12":0.0084705948,"13":0.6144021325,"14":0.0084705948},"TF":{"0":1,"1":1,"2":1,"3":1,"4":1,"5":1,"6":1,"7":1,"8":2,"9":1,"10":1,"11":1,"12":1,"13":1,"14":1}}