{"Trading Strategy":{"0":"RSI^RSI","1":"RSI^MACD","2":"RSI^STOCH","3":"RSI^CCI","4":"RSI^MA5&MA20","5":"MACD^RSI","6":"MACD^STOCH","7":"STOCH^RSI","8":"STOCH^MACD","9":"STOCH^STOCH","10":"STOCH^CCI","11":"STOCH^MA5&MA20","12":"CCI^RSI","13":"CCI^MACD","14":"CCI^STOCH","15":"CCI^CCI","16":"CCI^MA5&MA20","17":"MA5&MA20^RSI","18":"MA5&MA20^MACD","19":"MA5&MA20^STOCH","20":"MA5&MA20^CCI"},"ARR":{"0":0.0757129283,"1":0.0550639751,"2":0.0550639751,"3":0.0157326072,"4":0.0727630457,"5":0.0538533261,"6":0.0306406977,"7":0.0340264496,"8":0.0141776934,"9":0.0141776934,"10":-0.0236294889,"11":0.0191352776,"12":-0.0028381782,"13":0.0160832983,"14":0.0387890844,"15":-0.0028381782,"16":0.0104068698,"17":0.0548327287,"18":-0.029739749,"19":0.0347032242,"20":-0.029739749},"MDD":{"0":1.0,"1":0.8058461409,"2":0.8058461409,"3":0.4360289978,"4":0.9722634321,"5":0.7944628912,"6":0.5762038185,"7":0.6080386913,"8":0.421408764,"9":0.421408764,"10":0.0659229299,"11":0.3546689139,"12":0.2614153206,"13":0.4393264059,"14":0.6528198439,"15":0.2614153206,"16":0.385953216,"17":0.8036718231,"18":0.0084705948,"19":0.6144021325,"20":0.0084705948},"TF":{"0":1,"1":1,"2":1,"3":1,"4":1,"5":1,"6":1,"7":1,"8":1,"9":1,"10":1,"11":2,"12":1,"13":1,"14":1,"15":1,"16":1,"17":1,"18":1,"19":1,"20":1}}