{
	"RSI^RSI": {
		"ARR": 0.057199165,
		"MDD": 0.9814131873,
		"TF": 1
	},
	"RSI^MACD": {
		"ARR": 0.0591715967,
		"MDD": 1.0,
		"TF": 1
	},
	"RSI^STOCH": {
		"ARR": 0.0009861782,
		"MDD": 0.4517014325,
		"TF": 1
	},
	"RSI^MA5&MA20": {
		"ARR": 0.0414200876,
		"MDD": 0.8327222306,
		"TF": 1
	},
	"MACD^RSI": {
		"ARR": 0.0561576054,
		"MDD": 0.9715982599,
		"TF": 1
	},
	"MACD^MACD": {
		"ARR": 0.0581280939,
		"MDD": 0.9901667607,
		"TF": 1
	},
	"MACD^STOCH": {
		"ARR": 0.0159151466,
		"MDD": 0.5923815575,
		"TF": 1
	},
	"MACD^MA5&MA20": {
		"ARR": 0.0403940736,
		"MDD": 0.8230537945,
		"TF": 1
	},
	"STOCH^RSI": {
		"ARR": 0.0065727413,
		"MDD": 0.5043452839,
		"TF": 1
	},
	"STOCH^MACD": {
		"ARR": 0.0000817058,
		"MDD": 0.3643146131,
		"TF": 2
	},
	"STOCH^STOCH": {
		"ARR": -0.0469483568,
		"MDD": 0.0,
		"TF": 1
	},
	"STOCH^MA5&MA20": {
		"ARR": -0.0022081668,
		"MDD": 0.2857655017,
		"TF": 2
	},
	"MA5&MA20^RSI": {
		"ARR": 0.0367504387,
		"MDD": 0.7887187353,
		"TF": 1
	},
	"MA5&MA20^MACD": {
		"ARR": 0.038684719,
		"MDD": 0.8069460352,
		"TF": 1
	},
	"MA5&MA20^STOCH": {
		"ARR": 0.0429600367,
		"MDD": 0.779605433,
		"TF": 2
	},
	"MA5&MA20^MA5&MA20": {
		"ARR": 0.0212765659,
		"MDD": 0.6429038126,
		"TF": 1
	}
}