{"Trading Strategy":{"0":"RSI^RSI","1":"RSI^MACD","2":"RSI^MA5&MA30","3":"RSI^MA20&MA30","4":"MACD^RSI","5":"MACD^MACD","6":"MACD^MA5&MA30","7":"MACD^MA20&MA30","8":"STOCH^MACD","9":"STOCH^MA5&MA20","10":"MA5&MA20^STOCH","11":"MA5&MA20^MA5&MA30","12":"MA5&MA20^MA20&MA30","13":"MA5&MA30^STOCH","14":"MA20&MA30^MACD"},"ARR":{"0":0.057199165,"1":0.0591715967,"2":0.0631163849,"3":0.0650887414,"4":0.0561576054,"5":0.0581280939,"6":0.0620689956,"7":0.0640394089,"8":0.0000817058,"9":-0.0022081668,"10":0.0429600367,"11":0.0425532056,"12":0.0444874121,"13":0.0144545284,"14":0.002801149},"MDD":{"0":0.9295806795,"1":0.9471858454,"2":0.9823955057,"3":1.0,"4":0.9202841192,"5":0.9378719403,"6":0.9730469118,"7":0.9906340621,"8":0.3450736448,"9":0.2706730383,"10":0.7384312311,"11":0.7988564849,"12":0.8161204668,"13":0.4811878735,"14":0.4440449333},"TF":{"0":1,"1":1,"2":1,"3":1,"4":1,"5":1,"6":1,"7":1,"8":2,"9":2,"10":2,"11":1,"12":1,"13":2,"14":1}}