{"Trading Strategy":{"0":"RSI^RSI","1":"RSI^MACD","2":"RSI^MA5&MA20","3":"RSI^MA5&MA30","4":"RSI^MA20&MA30","5":"MACD^RSI","6":"MACD^MACD","7":"MACD^MA5&MA20","8":"MACD^MA5&MA30","9":"MACD^MA20&MA30","10":"STOCH^MACD","11":"STOCH^MA5&MA20","12":"MA5&MA20^RSI","13":"MA5&MA20^MACD","14":"MA5&MA20^STOCH","15":"MA5&MA20^MA5&MA30","16":"MA5&MA20^MA20&MA30","17":"MA5&MA30^STOCH","18":"MA5&MA30^MA20&MA30","19":"MA20&MA30^RSI","20":"MA20&MA30^MACD"},"ARR":{"0":0.057199165,"1":0.0591715967,"2":0.0414200876,"3":0.0631163849,"4":0.0650887414,"5":0.0561576054,"6":0.0581280939,"7":0.0403940736,"8":0.0620689956,"9":0.0640394089,"10":0.0000817058,"11":-0.0022081668,"12":0.0367504387,"13":0.038684719,"14":0.0429600367,"15":0.0425532056,"16":0.0444874121,"17":0.0144545284,"18":0.0305343211,"19":0.0009336926,"20":0.002801149},"MDD":{"0":0.9295806795,"1":0.9471858454,"2":0.78874271,"3":0.9823955057,"4":1.0,"5":0.9202841192,"6":0.9378719403,"7":0.7795849042,"8":0.9730469118,"9":0.9906340621,"10":0.3450736448,"11":0.2706730383,"12":0.7470632221,"13":0.7643278625,"14":0.7384312311,"15":0.7988564849,"16":0.8161204668,"17":0.4811878735,"18":0.6915805497,"19":0.4273767365,"20":0.4440449333},"TF":{"0":1,"1":1,"2":1,"3":1,"4":1,"5":1,"6":1,"7":1,"8":1,"9":1,"10":2,"11":2,"12":1,"13":1,"14":2,"15":1,"16":1,"17":2,"18":1,"19":1,"20":1}}