{"Trading Strategy":{"0":"MACD^STOCH","1":"CCI^STOCH","2":"MA5&MA10^STOCH","3":"MA5&MA10^MA5&MA15","4":"MA5&MA15^STOCH","5":"MA5&MA15^MA5&MA15","6":"MA5&MA15^MA10&MA15","7":"MA5&MA15^MA10&MA30","8":"MA10&MA15^MACD","9":"MA10&MA15^STOCH","10":"MA10&MA15^MA5&MA30","11":"MA10&MA30^STOCH","12":"MA10&MA30^MA5&MA15","13":"MA15&MA30^STOCH","14":"MA15&MA30^MA5&MA15"},"ARR":{"0":0.0883392226,"1":0.1,"2":0.1323529412,"3":0.0661764706,"4":0.115942029,"5":0.0507246377,"6":-0.0036231884,"7":-0.0217391304,"8":-0.0141720006,"9":0.0883392226,"10":-0.0265394917,"11":0.1079136691,"12":0.0431654676,"13":0.115942029,"14":0.0507246377},"MDD":{"0":0.7972640197,"1":0.8509758898,"2":1.0,"3":0.6951779564,"4":0.92440806,"5":0.6240037272,"6":0.3736667831,"7":0.2902211351,"8":0.3089742914,"9":0.7972640197,"10":0.1950400214,"11":0.8874278304,"12":0.5891846798,"13":0.92440806,"14":0.6240037272},"TF":{"0":1,"1":1,"2":1,"3":1,"4":1,"5":1,"6":1,"7":1,"8":2,"9":1,"10":2,"11":1,"12":1,"13":1,"14":1}}