{"Trading Strategy":{"0":"MACD^STOCH","1":"CCI^STOCH","2":"MA5&MA10^MACD","3":"MA5&MA10^STOCH","4":"MA5&MA10^MA5&MA15","5":"MA5&MA15^STOCH","6":"MA5&MA15^MA5&MA15","7":"MA5&MA15^MA10&MA15","8":"MA5&MA15^MA10&MA30","9":"MA5&MA15^MA15&MA30","10":"MA10&MA15^STOCH","11":"MA10&MA30^STOCH","12":"MA15&MA30^STOCH","13":"MA15&MA30^MA5&MA15","14":"MA15&MA30^MA15&MA30"},"ARR":{"0":0.0883392226,"1":0.1,"2":0.0220588235,"3":0.1323529412,"4":0.0661764706,"5":0.115942029,"6":0.0507246377,"7":-0.0036231884,"8":-0.0217391304,"9":0.0289855072,"10":0.0883392226,"11":0.1079136691,"12":0.115942029,"13":0.0507246377,"14":0.0289855072},"MDD":{"0":0.7972640197,"1":0.8509758898,"2":0.4919632606,"3":1.0,"4":0.6951779564,"5":0.92440806,"6":0.6240037272,"7":0.3736667831,"8":0.2902211351,"9":0.5238689496,"10":0.7972640197,"11":0.8874278304,"12":0.92440806,"13":0.6240037272,"14":0.5238689496},"TF":{"0":1,"1":1,"2":1,"3":1,"4":1,"5":1,"6":1,"7":1,"8":1,"9":1,"10":1,"11":1,"12":1,"13":1,"14":1}}