{"Trading Strategy":{"0":[515,289],"1":[515,306],"2":[515,438],"3":[515,1],"4":[515,506],"5":[515,290],"6":[214,2],"7":[215,110],"8":[211,110],"9":[211,501],"10":[211,285]},"ARR":{"0":1.0481481481,"1":1.0557620818,"2":1.0557620818,"3":1.0557620818,"4":1.102661597,"5":1.0481481481,"6":-0.0012287292,"7":-0.0011395431,"8":-0.0006299106,"9":-0.0008406767,"10":-0.0008109534},"MDD":{"0":0.9538965646,"1":0.9603358655,"2":0.9603358655,"3":0.9603358655,"4":1.0,"5":0.9538965646,"6":0.0006398153,"7":0.0006398153,"8":0.0,"9":0.0,"10":0.0},"TF":{"0":1.0,"1":1.0,"2":1.0,"3":1.0,"4":1.0,"5":1.0,"6":102.0,"7":110.0,"8":141.0,"9":142.0,"10":146.0}}