{"Trading Strategy":{"0":[515,221],"1":[515,216],"2":[515,214],"3":[515,205],"4":[515,0],"5":[515,213],"6":[515,485],"7":[515,505],"8":[515,4],"9":[515,422],"10":[71,32],"11":[50,27],"12":[51,282],"13":[50,165],"14":[50,166]},"ARR":{"0":0.2038190044,"1":0.2038190044,"2":0.1975923702,"3":0.1899876488,"4":0.1899876488,"5":0.1899876488,"6":0.1899876488,"7":0.1873081231,"8":0.1873081231,"9":0.1873081231,"10":0.0024044021,"11":-0.0012964581,"12":-0.0012964581,"13":-0.0012964581,"14":-0.0012964581},"MDD":{"0":1.0,"1":1.0,"2":0.9742417616,"3":0.9427826744,"4":0.9427826744,"5":0.9427826744,"6":0.9427826744,"7":0.9316980562,"8":0.9316980562,"9":0.9316980562,"10":0.0305602588,"11":0.0,"12":0.0,"13":0.0,"14":0.0},"TF":{"0":1.0,"1":1.0,"2":1.0,"3":1.0,"4":1.0,"5":1.0,"6":1.0,"7":1.0,"8":1.0,"9":1.0,"10":70.0,"11":68.0,"12":68.0,"13":68.0,"14":68.0}}