{"Trading Strategy":{"0":[377,475],"1":[377,476],"2":[377,478],"3":[107,475],"4":[107,476],"5":[485,476],"6":[485,475],"7":[342,476],"8":[342,475],"9":[323,475],"10":[323,476],"11":[377,321],"12":[377,341],"13":[377,322],"14":[377,340]},"ARR":{"0":0.2038190044,"1":0.2038190044,"2":0.1975923702,"3":0.1899876488,"4":0.1899876488,"5":0.1899876488,"6":0.1899876488,"7":0.1873081231,"8":0.1873081231,"9":0.1873081231,"10":0.1873081231,"11":0.1851390227,"12":0.1851390227,"13":0.1851390227,"14":0.1851390227}}