{"Trading Strategy":{"0":[377,475],"1":[377,476],"2":[377,478],"3":[107,475],"4":[107,476],"5":[485,476],"6":[485,475],"7":[323,475],"8":[342,475],"9":[342,476],"10":[323,476],"11":[377,340],"12":[377,321],"13":[377,341],"14":[8,8],"15":[139,139],"16":[112,139],"17":[139,112],"18":[112,112],"19":[8,139],"20":[8,112]},"ARR":{"0":0.2038190044,"1":0.2038190044,"2":0.1975923702,"3":0.1899876488,"4":0.1899876488,"5":0.1899876488,"6":0.1899876488,"7":0.1873081231,"8":0.1873081231,"9":0.1873081231,"10":0.1873081231,"11":0.1851390227,"12":0.1851390227,"13":0.1851390227,"14":0.0024044021,"15":-0.0012964581,"16":-0.0012964581,"17":-0.0012964581,"18":-0.0012964581,"19":0.0018326014,"20":0.0018326014},"MDD":{"0":1.0,"1":1.0,"2":0.9745376701,"3":0.9434399824,"4":0.9434399824,"5":0.9434399824,"6":0.9434399824,"7":0.9324827034,"8":0.9324827034,"9":0.9324827034,"10":0.9324827034,"11":0.9236126866,"12":0.9236126866,"13":0.9236126866,"14":0.0416971037,"15":0.0114879187,"16":0.0114879187,"17":0.0114879187,"18":0.0114879187,"19":0.0,"20":0.0},"TF":{"0":1.0,"1":1.0,"2":1.0,"3":1.0,"4":1.0,"5":1.0,"6":1.0,"7":1.0,"8":1.0,"9":1.0,"10":1.0,"11":1.0,"12":1.0,"13":1.0,"14":70.0,"15":68.0,"16":68.0,"17":68.0,"18":68.0,"19":58.0,"20":58.0}}